signal,formula,0,1,2,3,4,5,6,7,8,9,10,11,12,13,14,15,16,17,18,19,20
clk cycle t,,0,1,2,3,4,5,6,7,8,9,10,11,12,13,14,15,16,17,18,19,20
,,,,,,,,,,,,,,,,,,,,,
input_data = top_in,x(t),0,1,2,3,4,5,6,7,8,9,10,11,12,13,14,15,16,17,18,19,20
,,,,,,,,,,,,,,,,,,,,,
[mac_top1] A,x(t),0,1,2,3,4,5,6,7,8,9,10,11,12,13,14,15,16,17,18,19,20
[mac_top1] B = k2,1,1,1,1,1,1,1,1,1,1,1,1,1,1,1,1,1,1,1,1,1,1
[mac_top1] ACOUT,x(t-2),0,0,0,1,2,3,4,5,6,7,8,9,10,11,12,13,14,15,16,17,18
[mac_top1] PCOUT = P,x(t-4),0,0,0,0,0,1,2,3,4,5,6,7,8,9,10,11,12,13,14,15,16
,,,,,,,,,,,,,,,,,,,,,
[mac_top2] A,x(t-2),0,0,0,1,2,3,4,5,6,7,8,9,10,11,12,13,14,15,16,17,18
[mac_top2] B = k1,1,1,1,1,1,1,1,1,1,1,1,1,1,1,1,1,1,1,1,1,1,1
[mac_top2] PCIN,x(t-4),0,0,0,0,0,1,2,3,4,5,6,7,8,9,10,11,12,13,14,15,16
[mac_top2] ACOUT,x(t-4),0,0,0,0,0,1,2,3,4,5,6,7,8,9,10,11,12,13,14,15,16
[mac_top2] PCOUT = P,x(t-6)+x(t-5),0,0,0,0,0,0,1,3,5,7,9,11,13,15,17,19,21,23,25,27,29
,,,,,,,,,,,,,,,,,,,,,
[mac_top3] A,x(t-4),0,0,0,0,0,1,2,3,4,5,6,7,8,9,10,11,12,13,14,15,16
[mac_top3] B = k0,1,1,1,1,1,1,1,1,1,1,1,1,1,1,1,1,1,1,1,1,1,1
[mac_top3] PCIN,x(t-6)+x(t-5),0,0,0,0,0,0,1,3,5,7,9,11,13,15,17,19,21,23,25,27,29
[mac_top3] P = top_out,x(t-8)+x(t-7)+x(t-6),0,0,0,0,0,0,0,1,3,6,9,12,15,18,21,24,27,30,33,36,39
,,,,,,,,,,,,,,,,,,,,,
data_out (top chain only),x(t-9)+x(t-8)+x(t-7),0,0,0,0,0,0,0,0,1,3,6,9,12,15,18,21,24,27,30,33,36
,,,,,,,,,,,,,,,,,,,,,
NOTE,"mid / bot chain timing is identical; data_out = top_out + mid_out + bot_out registered",,,,,,,,,,,,,,,,,,,,
NOTE,"A -> P latency = 4 (areg x2 + MREG + PREG)",,,,,,,,,,,,,,,,,,,,
NOTE,"ACOUT = A delayed by 2 (areg_3 + areg_4)",,,,,,,,,,,,,,,,,,,,
NOTE,"PCIN -> P latency = 1 (PREG only)",,,,,,,,,,,,,,,,,,,,
NOTE,"total latency input_data -> data_out = 4 + 2 + 1 = 7",,,,,,,,,,,,,,,,,,,,
,,,,,,,,,,,,,,,,,,,,,
CHECK,"t=7 : top2 PCOUT = x(1)+x(2) = 1+2 = 3   <- not 1*1+1",,,,,,,,,,,,,,,,,,,,
CHECK,"t=7 : top_out = x(-1)+x(0)+x(1) = 0+0+1 = 1",,,,,,,,,,,,,,,,,,,,
CHECK,"x(s) = 0 for s < 0",,,,,,,,,,,,,,,,,,,,
